{"Ref-100": {"9.5": [664.2759119951224, 549.5112264178382, 460.8599160094789, 387.27698001327775, 284.32786968625686, 206.13540206393608, 124.70368533210561, 72.85089421859297, 47.836753037929526, 31.674191173602004, 17.60796376552916, 8.595135792333748], "10": [1153.4576120473916, 1052.7852761477575, 612.5684814645576, 464.5239665835538, 331.7309178031747, 251.8003861455869, 133.89539611742555, 74.2467718274183, 48.06578789842774, 37.44893759229852, 19.13582467694819, 7.53853513259287], "10.5": [1794.508829765667, 1420.6622391468343, 686.8751389513512, 422.998727861765, 443.8481729871541, 226.00378031602133, 127.97615750188577, 86.47627417753523, 42.18227419546327, 46.40145946199178, 17.511851813153587, 7.982754555973388], "11": [-40.0, -40.0, -40.0, -40.0, 3617.8921877828843, -40.0, 539.7368427173778, 190.79739411983326, 143.76419508833447, 252.63137502263075, 91.0609798161186, 41.1631579804328]}, "Pmill": {"9.5": [279.91848373338365, 254.14348047768257, 207.51963131546162, 175.63473367147003, 150.88334028577665, 122.53580630644069, 92.94026930367396, 64.64711908922104, 42.00999729617937, 27.496644296627775, 18.74917175068078, 12.677799073494933, 7.679280175776411, 4.0672558508835, 1.752049680571881, 0.55848980223697, 0.16422212238052403], "10": [344.5670295913486, 346.1987349094056, 305.75006558533414, 258.29558487705003, 211.15706294547738, 165.08848219402364, 119.50636418706416, 78.93767904415128, 49.3733114503633, 31.66228419667185, 21.398231794227502, 14.344534958853385, 8.649546810832662, 4.505233360504972, 1.8708876912002026, 0.586250781196771, 0.18935895515610923], "10.5": [308.19361239682536, 305.81636420164216, 330.11272170224413, 296.2164273000382, 234.81569362062163, 177.0947903337918, 123.34664103636683, 83.77615023654322, 57.02769344196197, 38.868092641190444, 27.098846426711567, 18.101193090315462, 11.020063582128987, 5.874136457397823, 2.5177401322506565, 0.81395462420363, 0.2789262094561984], "11": [264.98242004770583, 148.19431688631312, 206.5159262905013, 225.5546390556919, 235.4061923946601, 225.1822142314799, 170.71692706851363, 128.09002621082726, 87.9088178118249, 60.67073085558352, 42.27815728046998, 27.76391688322864, 16.85261465960661, 8.86647949689813, 3.8823570244060424, 1.3816464080199253, 0.4162776013616387]}, "L100": {"9.5": [289.46909142285, 297.9995584872776, 269.2872742263579, 231.84431009322154, 193.95302736728152, 135.63236950464216, 90.60908312291954, 57.04390318582874, 39.43450649341632, 26.61136059476325, 13.77315728664855, 6.357900638912426], "10": [505.1483977853098, 292.7754788002592, 305.6007938124077, 320.01710340024954, 205.5702548643951, 151.52880375523858, 102.22534593941502, 62.240234836170686, 40.625486341100455, 25.54626133555228, 15.212629727696099, 7.838645352398883], "10.5": [489.1968489729627, 240.90274694727017, 365.38156698107434, 288.3356278930121, 159.39235767992136, 124.9330179299065, 85.70397925890327, 56.313068844813955, 35.85109505392802, 25.865942153600685, 14.242677019728616, 5.878441145162787], "11": [-40.0, -40.0, 366.6834809065896, 445.71082968370973, 475.6399043001952, 190.93993624110487, 154.09311634558622, 90.13871389010879, 61.999274233579, 43.79148444878169, 12.346385547983783, 6.480193651179791]}}