{"Ref-100": {"9.5": [4343.264243047617, 1035.6683486653367, 972.0711278323197, 542.9303911796131, 309.4421528955868, 157.34843165908532, 66.54712713935186, 24.491722503776277, 9.159104964373663, 3.820068412924792, 1.736017620271384, 0.8178797916227145], "10": [7894.464744782793, 3785.206600186591, 1538.7986358124945, 818.0633812938665, 410.47883880368437, 227.9684775987005, 79.23152081347767, 28.980785203172704, 9.32929930853932, 4.4778120415740466, 2.074206863809512, 0.8399161121382879], "10.5": [11032.106773275922, 5541.782240237646, 1391.2839502065194, 1572.7666234995436, 438.2358919923501, 197.59592191896616, 57.19921352249522, 28.237962954336922, 10.715818197163271, 5.58853837988525, 2.0672036829707, 0.848517877119249], "11": [-1.0, -1.0, -1.0, -1.0, -1.0, -1.0, 438.9860542300638, 220.03899993478717, 26.76124323853195, 19.919927063811645, 6.006464125301128, 6.919748976141133]}, "Pmill": {"9.5": [728.1903215605417, 636.7036014300595, 320.71592132296075, 164.2435244810139, 106.79988686277022, 65.72337975445511, 37.16175781453811, 18.279587925470455, 7.644760438000695, 3.0270278498228107, 1.3542405337172587, 0.6694838084675307, 0.317877314423346, 0.13978613440297316, 0.053251145699336755, 0.015968969669760913, 0.0036622297530246595], "10": [421.7214871433337, 600.079054054544, 465.8173959480925, 273.48044879774085, 171.91453429913258, 100.10678600422958, 52.44598487016656, 23.977139381087785, 9.27076325374394, 3.5115317669869155, 1.5703161028681603, 0.7683338814037919, 0.3609780947432135, 0.15554796193913734, 0.05737942014811348, 0.017005227278627855, 0.00395973078519285], "10.5": [36.788392284472785, 158.7822522440129, 370.9486729085929, 335.7846143726478, 201.81590053509444, 110.58282435066714, 52.830798981257644, 22.535290706927714, 9.653034371345832, 4.159256402176517, 1.943967681575654, 0.9601358984146611, 0.4581989423691888, 0.20103512304746873, 0.07600640059606967, 0.02285604490447235, 0.005447241674947811], "11": [-1.0, -1.0, -1.0, 10.628208552186138, 72.75206669462509, 113.0888508112705, 62.67381392620315, 31.65952246351003, 14.52947252144459, 6.408796719640257, 3.091424286489069, 1.5367242019890641, 0.6951819818719471, 0.30079536379457616, 0.11687574037652837, 0.03844607463626004, 0.00995183301439595]}, "L100": {"9.5": [761.1129563783021, 573.3023583212927, 489.47798249341, 288.88823274809204, 202.2797639129708, 108.13457535337261, 47.892274105086, 18.715291453166493, 7.546871395522915, 3.2397483894326173, 1.3652937714156939, 0.6041796340869179], "10": [436.1510152076262, 987.2663332586068, 605.8120161228926, 442.4161075712198, 185.2152605327196, 104.3533946650377, 52.36638199596471, 20.403914750516588, 7.764396501212392, 3.3386415374585967, 1.5853111039378969, 0.7363839475353666], "10.5": [-1.0, 798.4572848285881, 1070.0111500439557, 436.1669860660189, 235.5168228991445, 96.60270114339023, 39.50583576464842, 18.813706275813193, 7.18847393131351, 3.046127077453222, 1.4856861823800371, 0.5999805127036093], "11": [-1.0, -1.0, -1.0, 488.175325293264, 613.3764311167178, 122.45950569290886, 76.52906429772445, 26.264188651992303, 11.718558457624868, 5.881016028507236, 1.7778388780904497, 0.7676626659881138]}}