{"Ref-100": {"9.5": [664.2759119951224, 549.5112264178382, 460.8599160094789, 387.27698001327775, 284.32786968625686, 206.13540206393608, 124.70368533210561, 72.85089421859297, 47.836753037929526, 31.674191173602004, 17.60796376552916, 8.595135792333748], "10": [1153.4576120473916, 1052.7852761477575, 612.5684814645576, 464.5239665835538, 331.7309178031747, 251.8003861455869, 133.89539611742555, 74.2467718274183, 48.06578789842774, 37.44893759229852, 19.13582467694819, 7.53853513259287], "10.5": [1794.508829765667, 1420.6622391468343, 686.8751389513512, 422.998727861765, 443.8481729871541, 226.00378031602133, 127.97615750188577, 86.47627417753523, 42.18227419546327, 46.40145946199178, 17.511851813153587, 7.982754555973388], "11": [-40.0, -40.0, -40.0, -40.0, 3617.8921877828843, -40.0, 539.7368427173778, 190.79739411983326, 143.76419508833447, 252.63137502263075, 91.0609798161186, 41.1631579804328]}, "Pmill": {"9.5": [279.91848373338365, 254.14348047768257, 207.51963131546162, 175.63473367147003, 150.88334028577665, 122.53580630644069, 92.94026930367396, 64.64711908922104, 42.00999729617937, 27.496644296627775, 18.74917175068078, 12.677799073494933, 7.679280175776411, 4.0672558508835, 1.752049680571881, 0.55848980223697, 0.16422212238052403], "10": [344.5670295913486, 346.1987349094056, 305.75006558533414, 258.29558487705003, 211.15706294547738, 165.08848219402364, 119.50636418706416, 78.93767904415128, 49.3733114503633, 31.66228419667185, 21.398231794227502, 14.344534958853385, 8.649546810832662, 4.505233360504972, 1.8708876912002026, 0.586250781196771, 0.18935895515610923], "10.5": [308.19361239682536, 305.81636420164216, 330.11272170224413, 296.2164273000382, 234.81569362062163, 177.0947903337918, 123.34664103636683, 83.77615023654322, 57.02769344196197, 38.868092641190444, 27.098846426711567, 18.101193090315462, 11.020063582128987, 5.874136457397823, 2.5177401322506565, 0.81395462420363, 0.2789262094561984], "11": [264.98242004770583, 148.19431688631312, 206.5159262905013, 225.5546390556919, 235.4061923946601, 225.1822142314799, 170.71692706851363, 128.09002621082726, 87.9088178118249, 60.67073085558352, 42.27815728046998, 27.76391688322864, 16.85261465960661, 8.86647949689813, 3.8823570244060424, 1.3816464080199253, 0.4162776013616387]}, "L100": {"9.5": [289.46909142285, 297.9995584872776, 269.2872742263579, 231.84431009322154, 193.95302736728152, 135.63236950464216, 90.60908312291954, 57.04390318582874, 39.43450649341632, 26.61136059476325, 13.77315728664855, 6.357900638912426], "10": [505.1483977853098, 292.7754788002592, 305.6007938124077, 320.01710340024954, 205.5702548643951, 151.52880375523858, 102.22534593941502, 62.240234836170686, 40.625486341100455, 25.54626133555228, 15.212629727696099, 7.838645352398883], "10.5": [489.1968489729627, 240.90274694727017, 365.38156698107434, 288.3356278930121, 159.39235767992136, 124.9330179299065, 85.70397925890327, 56.313068844813955, 35.85109505392802, 25.865942153600685, 14.242677019728616, 5.878441145162787], "11": [-40.0, -40.0, 366.6834809065896, 445.71082968370973, 475.6399043001952, 190.93993624110487, 154.09311634558622, 90.13871389010879, 61.999274233579, 43.79148444878169, 12.346385547983783, 6.480193651179791]}, "L100_hydro": {"9.5": [358.2094232235868, 322.35434689664515, 263.5383800387321, 254.3251305482827, 197.6800793810462, 126.11021654469596, 88.86226461511927, 59.44638609387777, 37.81669305227764, 26.20271389413147, 12.906862463625144, 5.685334094773156], "10": [798.5096815263021, 651.4774847878825, 520.0567776983032, 400.256697073525, 290.2285140225117, 210.3550334842813, 127.62367993306242, 71.91643066208476, 47.61675125879549, 29.63383495003167, 16.90785527872963, 9.128283091618963], "10.5": [2026.1298108568103, 1694.005547397895, 1207.8862301283161, 932.4448079768741, 665.5436132776282, 416.78221223807265, 224.1023833729099, 107.97629622514513, 58.09008497853684, 45.50683631293083, 24.480002502604215, 9.308003899083612], "11": [-40.0, -40.0, 573.532770285473, 204.25179522019891, 251.71517329317666, 192.26780449453912, 114.1124640966565, 107.24786486851366, 52.815682183675534, 48.48693589893024, 9.937577966325915, 7.620751405866777]}, "SHAM": {"9.5": [45.395200551890284, 46.67879255265159, 48.2666991457884, 49.26683653528723, 49.08557862262487, 44.74102122514451, 37.288847407783834, 29.481525533653894, 22.203011404465283, 16.262193134123535, 11.682150685833728, 7.930300247545725, 4.883609489428569, 2.599910081089858, 1.1249182450072759, 0.3530660120754181, 0.1099537722644861], "10": [47.60528337580149, 44.88697369147399, 47.72712236447244, 49.789232788582396, 50.654387932447484, 48.76745988737394, 41.124493768224596, 32.53709533551799, 24.580497458109384, 17.983175594889307, 12.821999433355531, 8.729349649461788, 5.363446582206732, 2.857917074567471, 1.2305749886419015, 0.4003874713286937, 0.127224821425731], "10.5": [51.93074374560208, 52.90334717088683, 53.295810281114484, 53.78050476921017, 56.18958123393952, 58.09160361200304, 50.71427472974353, 40.65961109174742, 31.10633653278135, 22.6948834117725, 16.165077176836622, 10.837667051696398, 6.635899290927032, 3.4586944559263433, 1.471844589629887, 0.4608893736939468, 0.15846909664367637], "11": [49.61456569130817, 43.24446943807683, 72.67674865354726, 68.18554619640506, 68.3489090624655, 61.921632712914345, 70.02540446301228, 65.29121386785265, 53.93294862955459, 39.995110062102285, 28.202061365026907, 18.49303457804142, 11.082619463317869, 5.78924971278636, 2.4644285860822457, 0.798010816886201, 0.26369449146254276]}}